Workbook

Sheet LEIA-ME
B1: Nov/dez 2024 · As assinaturas encerradas foram troca, redução ou saída do cliente?
B2: Planilha apartada. Lê os CSVs originais sem alterá-los. Só quantidades.
B4: A REGRA (simples e explicável)
B5: Para cada uma das 266 assinaturas encerradas em nov/dez, olhamos a conta no dia do encerramento:
B6: • SAÍDA DO CLIENTE: a conta ficou sem nenhuma assinatura ativa e não abriu outra em até 7 dias.
B7: • TROCA/AJUSTE: a conta abriu outra assinatura até 7 dias antes ou depois do encerramento.
B8: • REDUÇÃO: a conta continuou com outras assinaturas ativas, sem compra nova perto da data.
B9: A janela de 7 dias é uma escolha; a aba Resumo mostra o resultado também com 3 e 14 dias.
B11: RESULTADO
B12: • Saída do cliente: 0 de 266. Nenhuma conta ficou sem assinatura por causa desses encerramentos (com janela de 3 dias aparece 1 caso, que reabre em seguida).
B13: • Troca/ajuste: 156 (59%). Entre as rápidas: 107 de 159 (67%).
B14: • Redução: 110 (41%).
... B26: • Base fictícia. A regra olha só a tabela de assinaturas (a confiável). "Redução" pode incluir casos em que a conta já tinha a assinatura substituta antes da janela.

Sheet Resumo
A1: As 266 assinaturas encerradas em nov/dez: quantas foram perda de cliente?
A2: Regra (janela de 7 dias): SAÍDA = a conta ficou sem nenhuma assinatura ativa e não comprou outra em até 7 dias · TROCA/AJUSTE = a conta abriu outra assinatura até 7 dias antes ou depois · REDUÇÃO = a conta seguiu ativa, sem compra nova perto.
A4: 1. Todas as encerradas
B5: Encerradas | C5: Troca/ajuste | D5: % | E5: Redução | F5: % | G5: Saída do cliente | H5: %
A6: Todas | B6: =COUNTA(Lista_266!$A$2:$A$267) | C6: =COUNTIFS(Lista_266!$N$2:$N$267,"Troca/ajuste") | D6: =IF($B6>0,C6/$B6,"") | E6: =COUNTIFS(Lista_266!$N$2:$N$267,"Redução") | F6: =IF($B6>0,E6/$B6,"") | G6: =COUNTIFS(Lista_266!$N$2:$N$267,"Saída do cliente") | H6: =IF($B6>0,G6/$B6,"")
A8: 2. Por velocidade
A9: Velocidade | B9: Encerradas | C9: Troca/ajuste | D9: % | E9: Redução | F9: % | G9: Saída do cliente | H9: %
A10: Rápida (< 30 dias) | B10: =COUNTIFS(Lista_266!$C$2:$C$267,"Rápida (< 30 dias)") | C10: =COUNTIFS(Lista_266!$N$2:$N$267,"Troca/ajuste",Lista_266!$C$2:$C$267,"Rápida (< 30 dias)") | D10: =IF($B10>0,C10/$B10,"") | E10: =COUNTIFS(Lista_266!$N$2:$N$267,"Redução",Lista_266!$C$2:$C$267,"Rápida (< 30 dias)") | F10: =IF($B10>0,E10/$B10,"") | G10: =COUNTIFS(Lista_266!$N$2:$N$267,"Saída do cliente",Lista_266!$C$2:$C$267,"Rápida (< 30 dias)") | H10: =IF($B10>0,G10/$B10,"")
A11: Lenta (30+ dias) | B11: =COUNTIFS(Lista_266!$C$2:$C$267,"Lenta (30+ dias)") | C11: =COUNTIFS(Lista_266!$N$2:$N$267,"Troca/ajuste",Lista_266!$C$2:$C$267,"Lenta (30+ dias)") | D11: =IF($B11>0,C11/$B11,"") | E11: =COUNTIFS(Lista_266!$N$2:$N$267,"Redução",Lista_266!$C$2:$C$267,"Lenta (30+ dias)") | F11: =IF($B11>0,E11/$B11,"") | G11: =COUNTIFS(Lista_266!$N$2:$N$267,"Saída do cliente",Lista_266!$C$2:$C$267,"Lenta (30+ dias)") | H11: =IF($B11>0,G11/$B11,"")
A13: 3. Por mês
A14: Mês do fim | B14: Encerradas | C14: Troca/ajuste | D14: % | E14: Redução | F14: % | G14: Saída do cliente | H14: %
A15: Nov/24 | B15: =COUNTIFS(Lista_266!$D$2:$D$267,"Nov/24") | C15: =COUNTIFS(Lista_266!$N$2:$N$267,"Troca/ajuste",Lista_266!$D$2:$D$267,"Nov/24") | D15: =IF($B15>0,C15/$B15,"") | E15: =COUNTIFS(Lista_266!$N$2:$N$267,"Redução",Lista_266!$D$2:$D$267,"Nov/24") | F15: =IF($B15>0,E15/$B15,"") | G15: =COUNTIFS(Lista_266!$N$2:$N$267,"Saída do cliente",Lista_266!$D$2:$D$267,"Nov/24") | H15: =IF($B15>0,G15/$B15,"")
A16: Dez/24 | B16: =COUNTIFS(Lista_266!$D$2:$D$267,"Dez/24") | C16: =COUNTIFS(Lista_266!$N$2:$N$267,"Troca/ajuste",Lista_266!$D$2:$D$267,"Dez/24") | D16: =IF($B16>0,C16/$B16,"") | E16: =COUNTIFS(Lista_266!$N$2:$N$267,"Redução",Lista_266!$D$2:$D$267,"Dez/24") | F16: =IF($B16>0,E16/$B16,"") | G16: =COUNTIFS(Lista_266!$N$2:$N$267,"Saída do cliente",Lista_266!$D$2:$D$267,"Dez/24") | H16: =IF($B16>0,G16/$B16,"")
A18: 4. O pico de 29 a 31/12
A19: Fim entre 29 e 31/12? | B19: Encerradas | C19: Troca/ajuste | D19: % | E19: Redução | F19: % | G19: Saída do cliente | H19: %
A20: Sim | B20: =COUNTIFS(Lista_266!$E$2:$E$267,"Sim") | C20: =COUNTIFS(Lista_266!$N$2:$N$267,"Troca/ajuste",Lista_266!$E$2:$E$267,"Sim") | D20: =IF($B20>0,C20/$B20,"") | E20: =COUNTIFS(Lista_266!$N$2:$N$267,"Redução",Lista_266!$E$2:$E$267,"Sim") | F20: =IF($B20>0,E20/$B20,"") | G20: =COUNTIFS(Lista_266!$N$2:$N$267,"Saída do cliente",Lista_266!$E$2:$E$267,"Sim") | H20: =IF($B20>0,G20/$B20,"")
A21: Não | B21: =COUNTIFS(Lista_266!$E$2:$E$267,"Não") | C21: =COUNTIFS(Lista_266!$N$2:$N$267,"Troca/ajuste",Lista_266!$E$2:$E$267,"Não") | D21: =IF($B21>0,C21/$B21,"") | E21: =COUNTIFS(Lista_266!$N$2:$N$267,"Redução",Lista_266!$E$2:$E$267,"Não") | F21: =IF($B21>0,E21/$B21,"") | G21: =COUNTIFS(Lista_266!$N$2:$N$267,"Saída do cliente",Lista_266!$E$2:$E$267,"Não") | H21: =IF($B21>0,G21/$B21,"")
A23: 5. A conta registrou evento de churn em nov/dez?
A24: Evento de churn? | B24: Encerradas | C24: Troca/ajuste | D24: % | E24: Redução | F24: % | G24: Saída do cliente | H24: %
A25: Sim | B25: =COUNTIFS(Lista_266!$W$2:$W$267,"Sim") | C25: =COUNTIFS(Lista_266!$N$2:$N$267,"Troca/ajuste",Lista_266!$W$2:$W$267,"Sim") | D25: =IF($B25>0,C25/$B25,"") | E25: =COUNTIFS(Lista_266!$N$2:$N$267,"Redução",Lista_266!$W$2:$W$267,"Sim") | F25: =IF($B25>0,E25/$B25,"") | G25: =COUNTIFS(Lista_266!$N$2:$N$267,"Saída do cliente",Lista_266!$W$2:$W$267,"Sim") | H25: =IF($B25>0,G25/$B25,"")
A26: Não | B26: =COUNTIFS(Lista_266!$W$2:$W$267,"Não") | C26: =COUNTIFS(Lista_266!$N$2:$N$267,"Troca/ajuste",Lista_266!$W$2:$W$267,"Não") | D26: =IF($B26>0,C26/$B26,"") | E26: =COUNTIFS(Lista_266!$N$2:$N$267,"Redução",Lista_266!$W$2:$W$267,"Não") | F26: =IF($B26>0,E26/$B26,"") | G26: =COUNTIFS(Lista_266!$N$2:$N$267,"Saída do cliente",Lista_266!$W$2:$W$267,"Não") | H26: =IF($B26>0,G26/$B26,"")
A28: 6. E se a janela fosse outra? (sensibilidade da regra)
A29: Janela | B29: Encerradas | C29: Troca/ajuste | D29: % | E29: Redução | F29: % | G29: Saída do cliente | H29: %
A30: 3 dias | B30: =COUNTA(Lista_266!$A$2:$A$267) | C30: =COUNTIF(Lista_266!$O$2:$O$267,"Troca/ajuste") | D30: =C30/$B30 | E30: =COUNTIF(Lista_266!$O$2:$O$267,"Redução") | F30: =E30/$B30 | G30: =COUNTIF(Lista_266!$O$2:$O$267,"Saída do cliente") | H30: =G30/$B30
A31: 7 dias | B31: =COUNTA(Lista_266!$A$2:$A$267) | C31: =COUNTIF(Lista_266!$N$2:$N$267,"Troca/ajuste") | D31: =C31/$B31 | E31: =COUNTIF(Lista_266!$N$2:$N$267,"Redução") | F31: =E31/$B31 | G31: =COUNTIF(Lista_266!$N$2:$N$267,"Saída do cliente") | H31: =G31/$B31
A32: 14 dias | B32: =COUNTA(Lista_266!$A$2:$A$267) | C32: =COUNTIF(Lista_266!$P$2:$P$267,"Troca/ajuste") | D32: =C32/$B32 | E32: =COUNTIF(Lista_266!$P$2:$P$267,"Redução") | F32: =E32/$B32 | G32: =COUNTIF(Lista_266!$P$2:$P$267,"Saída do cliente") | H32: =G32/$B32
A34: Referência: chance de uma conta qualquer abrir assinatura em ±7 dias de uma data qualquer de nov/dez | D34: 0.412
A35: Contas sem nenhuma assinatura ativa em 31/12/2024 (base inteira, 500 contas) | D35: 0
A37: Leitura: nenhuma das 266 assinaturas encerradas em nov/dez levou a conta a ficar sem assinatura. Não houve saída de cliente no período. O que houve foi troca/ajuste (a conta abriu outra assinatura perto da data) e redução (a conta seguiu com as demais assinaturas).
A38: Cuidado com a "troca": essas contas abrem assinaturas com frequência. Numa data qualquer, já existe 41% de chance de haver assinatura nova em ±7 dias. Por isso parte das "trocas" pode ser coincidência; o excesso acima dessa referência é o que indica troca de fato.
A39: A regra é simples e explicável de propósito. A aba Lista_266 mostra, para cada assinatura, quantas outras estavam ativas no dia e quais assinaturas novas apareceram perto.

Sheet Trocas
A1: Trocas/ajustes: o que a conta abriu no lugar?
A2: Compara a assinatura cancelada com a assinatura nova mais próxima (até 7 dias antes ou depois). Contagens por fórmula sobre Lista_266.
A4: Plano da nova vs a cancelada
B5: Rápidas | C5: % | D5: Lentas | E5: % | F5: Todas | G5: %
A6: Mesmo plano | B6: =COUNTIFS(Lista_266!$N$2:$N$267,"Troca/ajuste",Lista_266!$T$2:$T$267,A6,Lista_266!$C$2:$C$267,"Rápida (< 30 dias)") | C6: =B6/SUM(B$6:B$8) | D6: =COUNTIFS(Lista_266!$N$2:$N$267,"Troca/ajuste",Lista_266!$T$2:$T$267,A6,Lista_266!$C$2:$C$267,"Lenta (30+ dias)") | E6: =D6/SUM(D$6:D$8) | F6: =B6+D6 | G6: =F6/SUM(F$6:F$8)
A7: Plano acima | B7: =COUNTIFS(Lista_266!$N$2:$N$267,"Troca/ajuste",Lista_266!$T$2:$T$267,A7,Lista_266!$C$2:$C$267,"Rápida (< 30 dias)") | C7: =B7/SUM(B$6:B$8) | D7: =COUNTIFS(Lista_266!$N$2:$N$267,"Troca/ajuste",Lista_266!$T$2:$T$267,A7,Lista_266!$C$2:$C$267,"Lenta (30+ dias)") | E7: =D7/SUM(D$6:D$8) | F7: =B7+D7 | G7: =F7/SUM(F$6:F$8)
A8: Plano abaixo | B8: =COUNTIFS(Lista_266!$N$2:$N$267,"Troca/ajuste",Lista_266!$T$2:$T$267,A8,Lista_266!$C$2:$C$267,"Rápida (< 30 dias)") | C8: =B8/SUM(B$6:B$8) | D8: =COUNTIFS(Lista_266!$N$2:$N$267,"Troca/ajuste",Lista_266!$T$2:$T$267,A8,Lista_266!$C$2:$C$267,"Lenta (30+ dias)") | E8: =D8/SUM(D$6:D$8) | F8: =B8+D8 | G8: =F8/SUM(F$6:F$8)
A10: Cobrança da nova vs a cancelada
B11: Rápidas | C11: % | D11: Lentas | E11: % | F11: Todas | G11: %
A12: Mesma cobrança | B12: =COUNTIFS(Lista_266!$N$2:$N$267,"Troca/ajuste",Lista_266!$U$2:$U$267,A12,Lista_266!$C$2:$C$267,"Rápida (< 30 dias)") | C12: =B12/SUM(B$12:B$14) | D12: =COUNTIFS(Lista_266!$N$2:$N$267,"Troca/ajuste",Lista_266!$U$2:$U$267,A12,Lista_266!$C$2:$C$267,"Lenta (30+ dias)") | E12: =D12/SUM(D$12:D$14) | F12: =B12+D12 | G12: =F12/SUM(F$12:F$14)
A13: Mudou para anual | B13: =COUNTIFS(Lista_266!$N$2:$N$267,"Troca/ajuste",Lista_266!$U$2:$U$267,A13,Lista_266!$C$2:$C$267,"Rápida (< 30 dias)") | C13: =B13/SUM(B$12:B$14) | D13: =COUNTIFS(Lista_266!$N$2:$N$267,"Troca/ajuste",Lista_266!$U$2:$U$267,A13,Lista_266!$C$2:$C$267,"Lenta (30+ dias)") | E13: =D13/SUM(D$12:D$14) | F13: =B13+D13 | G13: =F13/SUM(F$12:F$14)
A14: Mudou para mensal | B14: =COUNTIFS(Lista_266!$N$2:$N$267,"Troca/ajuste",Lista_266!$U$2:$U$267,A14,Lista_266!$C$2:$C$267,"Rápida (< 30 dias)") | C14: =B14/SUM(B$12:B$14) | D14: =COUNTIFS(Lista_266!$N$2:$N$267,"Troca/ajuste",Lista_266!$U$2:$U$267,A14,Lista_266!$C$2:$C$267,"Lenta (30+ dias)") | E14: =D14/SUM(D$12:D$14) | F14: =B14+D14 | G14: =F14/SUM(F$12:F$14)
A16: Seats da nova vs a cancelada
B17: Rápidas | C17: % | D17: Lentas | E17: % | F17: Todas | G17: %
A18: Mesmos seats | B18: =COUNTIFS(Lista_266!$N$2:$N$267,"Troca/ajuste",Lista_266!$V$2:$V$267,A18,Lista_266!$C$2:$C$267,"Rápida (< 30 dias)") | C18: =B18/SUM(B$18:B$20) | D18: =COUNTIFS(Lista_266!$N$2:$N$267,"Troca/ajuste",Lista_266!$V$2:$V$267,A18,Lista_266!$C$2:$C$267,"Lenta (30+ dias)") | E18: =D18/SUM(D$18:D$20) | F18: =B18+D18 | G18: =F18/SUM(F$18:F$20)
A19: Mais seats | B19: =COUNTIFS(Lista_266!$N$2:$N$267,"Troca/ajuste",Lista_266!$V$2:$V$267,A19,Lista_266!$C$2:$C$267,"Rápida (< 30 dias)") | C19: =B19/SUM(B$18:B$20) | D19: =COUNTIFS(Lista_266!$N$2:$N$267,"Troca/ajuste",Lista_266!$V$2:$V$267,A19,Lista_266!$C$2:$C$267,"Lenta (30+ dias)") | E19: =D19/SUM(D$18:D$20) | F19: =B19+D19 | G19: =F19/SUM(F$18:F$20)
A20: Menos seats | B20: =COUNTIFS(Lista_266!$N$2:$N$267,"Troca/ajuste",Lista_266!$V$2:$V$267,A20,Lista_266!$C$2:$C$267,"Rápida (< 30 dias)") | C20: =B20/SUM(B$18:B$20) | D20: =COUNTIFS(Lista_266!$N$2:$N$267,"Troca/ajuste",Lista_266!$V$2:$V$267,A20,Lista_266!$C$2:$C$267,"Lenta (30+ dias)") | E20: =D20/SUM(D$18:D$20) | F20: =B20+D20 | G20: =F20/SUM(F$18:F$20)
A22: Leitura: a troca não tem uma direção só. Há trocas para plano acima, abaixo e igual, e mudanças de cobrança e de seats para os dois lados: parece reconfiguração do contrato logo após a compra, não um movimento único (ex.: "todo mundo descendo de plano").

Sheet Por_perfil
A1: Tipo de cancelamento por plano, cobrança, seats e país
A2: Janela de 7 dias. Contagens por fórmula sobre Lista_266.
A4: Plano da assinatura cancelada
A5: Plano | B5: Encerradas | C5: Troca/ajuste | D5: % | E5: Redução | F5: % | G5: Saída do cliente | H5: %
A6: Basic | B6: =COUNTIFS(Lista_266!$I$2:$I$267,"Basic") | C6: =COUNTIFS(Lista_266!$N$2:$N$267,"Troca/ajuste",Lista_266!$I$2:$I$267,"Basic") | D6: =IF($B6>0,C6/$B6,"") | E6: =COUNTIFS(Lista_266!$N$2:$N$267,"Redução",Lista_266!$I$2:$I$267,"Basic") | F6: =IF($B6>0,E6/$B6,"") | G6: =COUNTIFS(Lista_266!$N$2:$N$267,"Saída do cliente",Lista_266!$I$2:$I$267,"Basic") | H6: =IF($B6>0,G6/$B6,"")
A7: Pro | B7: =COUNTIFS(Lista_266!$I$2:$I$267,"Pro") | C7: =COUNTIFS(Lista_266!$N$2:$N$267,"Troca/ajuste",Lista_266!$I$2:$I$267,"Pro") | D7: =IF($B7>0,C7/$B7,"") | E7: =COUNTIFS(Lista_266!$N$2:$N$267,"Redução",Lista_266!$I$2:$I$267,"Pro") | F7: =IF($B7>0,E7/$B7,"") | G7: =COUNTIFS(Lista_266!$N$2:$N$267,"Saída do cliente",Lista_266!$I$2:$I$267,"Pro") | H7: =IF($B7>0,G7/$B7,"")
A8: Enterprise | B8: =COUNTIFS(Lista_266!$I$2:$I$267,"Enterprise") | C8: =COUNTIFS(Lista_266!$N$2:$N$267,"Troca/ajuste",Lista_266!$I$2:$I$267,"Enterprise") | D8: =IF($B8>0,C8/$B8,"") | E8: =COUNTIFS(Lista_266!$N$2:$N$267,"Redução",Lista_266!$I$2:$I$267,"Enterprise") | F8: =IF($B8>0,E8/$B8,"") | G8: =COUNTIFS(Lista_266!$N$2:$N$267,"Saída do cliente",Lista_266!$I$2:$I$267,"Enterprise") | H8: =IF($B8>0,G8/$B8,"")
A10: Cobrança
A11: Cobrança | B11: Encerradas | C11: Troca/ajuste | D11: % | E11: Redução | F11: % | G11: Saída do cliente | H11: %
A12: Anual | B12: =COUNTIFS(Lista_266!$J$2:$J$267,"Anual") | C12: =COUNTIFS(Lista_266!$N$2:$N$267,"Troca/ajuste",Lista_266!$J$2:$J$267,"Anual") | D12: =IF($B12>0,C12/$B12,"") | E12: =COUNTIFS(Lista_266!$N$2:$N$267,"Redução",Lista_266!$J$2:$J$267,"Anual") | F12: =IF($B12>0,E12/$B12,"") | G12: =COUNTIFS(Lista_266!$N$2:$N$267,"Saída do cliente",Lista_266!$J$2:$J$267,"Anual") | H12: =IF($B12>0,G12/$B12,"")
A13: Mensal | B13: =COUNTIFS(Lista_266!$J$2:$J$267,"Mensal") | C13: =COUNTIFS(Lista_266!$N$2:$N$267,"Troca/ajuste",Lista_266!$J$2:$J$267,"Mensal") | D13: =IF($B13>0,C13/$B13,"") | E13: =COUNTIFS(Lista_266!$N$2:$N$267,"Redução",Lista_266!$J$2:$J$267,"Mensal") | F13: =IF($B13>0,E13/$B13,"") | G13: =COUNTIFS(Lista_266!$N$2:$N$267,"Saída do cliente",Lista_266!$J$2:$J$267,"Mensal") | H13: =IF($B13>0,G13/$B13,"")
A15: Faixa de seats
A16: Seats | B16: Encerradas | C16: Troca/ajuste | D16: % | E16: Redução | F16: % | G16: Saída do cliente | H16: %
A17: 01–05 | B17: =COUNTIFS(Lista_266!$L$2:$L$267,"01–05") | C17: =COUNTIFS(Lista_266!$N$2:$N$267,"Troca/ajuste",Lista_266!$L$2:$L$267,"01–05") | D17: =IF($B17>0,C17/$B17,"") | E17: =COUNTIFS(Lista_266!$N$2:$N$267,"Redução",Lista_266!$L$2:$L$267,"01–05") | F17: =IF($B17>0,E17/$B17,"") | G17: =COUNTIFS(Lista_266!$N$2:$N$267,"Saída do cliente",Lista_266!$L$2:$L$267,"01–05") | H17: =IF($B17>0,G17/$B17,"")
A18: 06–10 | B18: =COUNTIFS(Lista_266!$L$2:$L$267,"06–10") | C18: =COUNTIFS(Lista_266!$N$2:$N$267,"Troca/ajuste",Lista_266!$L$2:$L$267,"06–10") | D18: =IF($B18>0,C18/$B18,"") | E18: =COUNTIFS(Lista_266!$N$2:$N$267,"Redução",Lista_266!$L$2:$L$267,"06–10") | F18: =IF($B18>0,E18/$B18,"") | G18: =COUNTIFS(Lista_266!$N$2:$N$267,"Saída do cliente",Lista_266!$L$2:$L$267,"06–10") | H18: =IF($B18>0,G18/$B18,"")
A19: 11–20 | B19: =COUNTIFS(Lista_266!$L$2:$L$267,"11–20") | C19: =COUNTIFS(Lista_266!$N$2:$N$267,"Troca/ajuste",Lista_266!$L$2:$L$267,"11–20") | D19: =IF($B19>0,C19/$B19,"") | E19: =COUNTIFS(Lista_266!$N$2:$N$267,"Redução",Lista_266!$L$2:$L$267,"11–20") | F19: =IF($B19>0,E19/$B19,"") | G19: =COUNTIFS(Lista_266!$N$2:$N$267,"Saída do cliente",Lista_266!$L$2:$L$267,"11–20") | H19: =IF($B19>0,G19/$B19,"")
A20: 21–40 | B20: =COUNTIFS(Lista_266!$L$2:$L$267,"21–40") | C20: =COUNTIFS(Lista_266!$N$2:$N$267,"Troca/ajuste",Lista_266!$L$2:$L$267,"21–40") | D20: =IF($B20>0,C20/$B20,"") | E20: =COUNTIFS(Lista_266!$N$2:$N$267,"Redução",Lista_266!$L$2:$L$267,"21–40") | F20: =IF($B20>0,E20/$B20,"") | G20: =COUNTIFS(Lista_266!$N$2:$N$267,"Saída do cliente",Lista_266!$L$2:$L$267,"21–40") | H20: =IF($B20>0,G20/$B20,"")
A21: 41–80 | B21: =COUNTIFS(Lista_266!$L$2:$L$267,"41–80") | C21: =COUNTIFS(Lista_266!$N$2:$N$267,"Troca/ajuste",Lista_266!$L$2:$L$267,"41–80") | D21: =IF($B21>0,C21/$B21,"") | E21: =COUNTIFS(Lista_266!$N$2:$N$267,"Redução",Lista_266!$L$2:$L$267,"41–80") | F21: =IF($B21>0,E21/$B21,"") | G21: =COUNTIFS(Lista_266!$N$2:$N$267,"Saída do cliente",Lista_266!$L$2:$L$267,"41–80") | H21: =IF($B21>0,G21/$B21,"")
A22: 81 ou mais | B22: =COUNTIFS(Lista_266!$L$2:$L$267,"81 ou mais") | C22: =COUNTIFS(Lista_266!$N$2:$N$267,"Troca/ajuste",Lista_266!$L$2:$L$267,"81 ou mais") | D22: =IF($B22>0,C22/$B22,"") | E22: =COUNTIFS(Lista_266!$N$2:$N$267,"Redução",Lista_266!$L$2:$L$267,"81 ou mais") | F22: =IF($B22>0,E22/$B22,"") | G22: =COUNTIFS(Lista_266!$N$2:$N$267,"Saída do cliente",Lista_266!$L$2:$L$267,"81 ou mais") | H22: =IF($B22>0,G22/$B22,"")
A24: País
A25: País | B25: Encerradas | C25: Troca/ajuste | D25: % | E25: Redução | F25: % | G25: Saída do cliente | H25: %
A26: AU | B26: =COUNTIFS(Lista_266!$M$2:$M$267,"AU") | C26: =COUNTIFS(Lista_266!$N$2:$N$267,"Troca/ajuste",Lista_266!$M$2:$M$267,"AU") | D26: =IF($B26>0,C26/$B26,"") | E26: =COUNTIFS(Lista_266!$N$2:$N$267,"Redução",Lista_266!$M$2:$M$267,"AU") | F26: =IF($B26>0,E26/$B26,"") | G26: =COUNTIFS(Lista_266!$N$2:$N$267,"Saída do cliente",Lista_266!$M$2:$M$267,"AU") | H26: =IF($B26>0,G26/$B26,"")
A27: CA | B27: =COUNTIFS(Lista_266!$M$2:$M$267,"CA") | C27: =COUNTIFS(Lista_266!$N$2:$N$267,"Troca/ajuste",Lista_266!$M$2:$M$267,"CA") | D27: =IF($B27>0,C27/$B27,"") | E27: =COUNTIFS(Lista_266!$N$2:$N$267,"Redução",Lista_266!$M$2:$M$267,"CA") | F27: =IF($B27>0,E27/$B27,"") | G27: =COUNTIFS(Lista_266!$N$2:$N$267,"Saída do cliente",Lista_266!$M$2:$M$267,"CA") | H27: =IF($B27>0,G27/$B27,"")
A28: DE | B28: =COUNTIFS(Lista_266!$M$2:$M$267,"DE") | C28: =COUNTIFS(Lista_266!$N$2:$N$267,"Troca/ajuste",Lista_266!$M$2:$M$267,"DE") | D28: =IF($B28>0,C28/$B28,"") | E28: =COUNTIFS(Lista_266!$N$2:$N$267,"Redução",Lista_266!$M$2:$M$267,"DE") | F28: =IF($B28>0,E28/$B28,"") | G28: =COUNTIFS(Lista_266!$N$2:$N$267,"Saída do cliente",Lista_266!$M$2:$M$267,"DE") | H28: =IF($B28>0,G28/$B28,"")
A29: FR | B29: =COUNTIFS(Lista_266!$M$2:$M$267,"FR") | C29: =COUNTIFS(Lista_266!$N$2:$N$267,"Troca/ajuste",Lista_266!$M$2:$M$267,"FR") | D29: =IF($B29>0,C29/$B29,"") | E29: =COUNTIFS(Lista_266!$N$2:$N$267,"Redução",Lista_266!$M$2:$M$267,"FR") | F29: =IF($B29>0,E29/$B29,"") | G29: =COUNTIFS(Lista_266!$N$2:$N$267,"Saída do cliente",Lista_266!$M$2:$M$267,"FR") | H29: =IF($B29>0,G29/$B29,"")
A30: IN | B30: =COUNTIFS(Lista_266!$M$2:$M$267,"IN") | C30: =COUNTIFS(Lista_266!$N$2:$N$267,"Troca/ajuste",Lista_266!$M$2:$M$267,"IN") | D30: =IF($B30>0,C30/$B30,"") | E30: =COUNTIFS(Lista_266!$N$2:$N$267,"Redução",Lista_266!$M$2:$M$267,"IN") | F30: =IF($B30>0,E30/$B30,"") | G30: =COUNTIFS(Lista_266!$N$2:$N$267,"Saída do cliente",Lista_266!$M$2:$M$267,"IN") | H30: =IF($B30>0,G30/$B30,"")
A31: UK | B31: =COUNTIFS(Lista_266!$M$2:$M$267,"UK") | C31: =COUNTIFS(Lista_266!$N$2:$N$267,"Troca/ajuste",Lista_266!$M$2:$M$267,"UK") | D31: =IF($B31>0,C31/$B31,"") | E31: =COUNTIFS(Lista_266!$N$2:$N$267,"Redução",Lista_266!$M$2:$M$267,"UK") | F31: =IF($B31>0,E31/$B31,"") | G31: =COUNTIFS(Lista_266!$N$2:$N$267,"Saída do cliente",Lista_266!$M$2:$M$267,"UK") | H31: =IF($B31>0,G31/$B31,"")
A32: US | B32: =COUNTIFS(Lista_266!$M$2:$M$267,"US") | C32: =COUNTIFS(Lista_266!$N$2:$N$267,"Troca/ajuste",Lista_266!$M$2:$M$267,"US") | D32: =IF($B32>0,C32/$B32,"") | E32: =COUNTIFS(Lista_266!$N$2:$N$267,"Redução",Lista_266!$M$2:$M$267,"US") | F32: =IF($B32>0,E32/$B32,"") | G32: =COUNTIFS(Lista_266!$N$2:$N$267,"Saída do cliente",Lista_266!$M$2:$M$267,"US") | H32: =IF($B32>0,G32/$B32,"")

Sheet Lista_266
A1: Assinatura | B1: Conta | C1: Velocidade | D1: Mês do fim | E1: Fim entre 29 e 31/12? | F1: Início | G1: Fim | H1: Dias de vida | I1: Plano | J1: Cobrança | K1: Seats | L1: Faixa de seats | M1: País | N1: TIPO (janela 7 dias) | O1: Tipo (janela 3 dias) | P1: Tipo (janela 14 dias) | Q1: Outras assinaturas ativas no dia do fim | R1: Assinaturas novas até 7 dias antes/depois | S1: Nova mais próxima | T1: Plano da nova vs cancelada | U1: Cobrança da nova vs cancelada | V1: Seats da nova vs cancelada | W1: Conta tem evento de churn em nov/dez?
A2: S-8b9deb | B2: A-6c093d | C2: Lenta (30+ dias) | D2: Nov/24 | E2: Não | F2: 45547 | G2: 45597 | H2: 50 | I2: Pro | J2: Mensal | K2: 7 | L2: 06–10 | M2: US | N2: Redução | O2: Redução | P2: Redução | Q2: 8 | W2: Não
A3: S-2178f0 | B3: A-b30291 | C3: Lenta (30+ dias) | D3: Nov/24 | E3: Não | F3: 45561 | G3: 45598 | H3: 37 | I3: Basic | J3: Mensal | K3: 5 | L3: 01–05 | M3: US | N3: Redução | O3: Redução | P3: Troca/ajuste | Q3: 8 | W3: Não
A4: S-aba835 | B4: A-5b1bcd | C4: Lenta (30+ dias) | D4: Nov/24 | E4: Não | F4: 45192 | G4: 45598 | H4: 406 | I4: Basic | J4: Anual | K4: 73 | L4: 41–80 | M4: US | N4: Redução | O4: Redução | P4: Redução | Q4: 13 | W4: Não
A5: S-4df118 | B5: A-86fc1d | C5: Rápida (< 30 dias) | D5: Nov/24 | E5: Não | F5: 45593 | G5: 45598 | H5: 5 | I5: Basic | J5: Mensal | K5: 26 | L5: 21–40 | M5: UK | N5: Troca/ajuste | O5: Troca/ajuste | P5: Troca/ajuste | Q5: 4 | R5: S-807f28, S-188518 | S5: S-807f28 | T5: Plano acima | U5: Mesma cobrança | V5: Mesmos seats | W5: Não
A6: S-af2d97 | B6: A-781cc0 | C6: Rápida (< 30 dias) | D6: Nov/24 | E6: Não | F6: 45597 | G6: 45598 | H6: 1 | I6: Pro | J6: Mensal | K6: 28 | L6: 21–40 | M6: US | N6: Troca/ajuste | O6: Troca/ajuste | P6: Troca/ajuste | Q6: 12 | R6: S-beaa35, S-95aaf8 | S6: S-beaa35 | T6: Mesmo plano | U6: Mesma cobrança | V6: Menos seats | W6: Sim
A7: S-54283b | B7: A-4c56c9 | C7: Lenta (30+ dias) | D7: Nov/24 | E7: Não | F7: 45531 | G7: 45599 | H7: 68 | I7: Enterprise | J7: Mensal | K7: 49 | L7: 41–80 | M7: US | N7: Redução | O7: Redução | P7: Troca/ajuste | Q7: 6 | W7: Não
A8: S-79bb4c | B8: A-f45426 | C8: Lenta (30+ dias) | D8: Nov/24 | E8: Não | F8: 45556 | G8: 45599 | H8: 43 | I8: Pro | J8: Anual | K8: 11 | L8: 11–20 | M8: US | N8: Redução | O8: Redução | P8: Troca/ajuste | Q8: 5 | W8: Sim
A9: S-983266 | B9: A-dcc2f0 | C9: Lenta (30+ dias) | D9: Nov/24 | E9: Não | F9: 45551 | G9: 45599 | H9: 48 | I9: Pro | J9: Anual | K9: 15 | L9: 11–20 | M9: UK | N9: Redução | O9: Redução | P9: Troca/ajuste | Q9: 12 | W9: Não
A10: S-c844bd | B10: A-6a4e2d | C10: Lenta (30+ dias) | D10: Nov/24 | E10: Não | F10: 45314 | G10: 45599 | H10: 285 | I10: Basic | J10: Anual | K10: 9 | L10: 06–10 | M10: UK | N10: Redução | O10: Redução | P10: Redução | Q10: 9 | W10: Não
A11: S-7dab19 | B11: A-de58ca | C11: Lenta (30+ dias) | D11: Nov/24 | E11: Não | F11: 45284 | G11: 45600 | H11: 316 | I11: Basic | J11: Anual | K11: 47 | L11: 41–80 | M11: DE | N11: Redução | O11: Redução | P11: Redução | Q11: 9 | W11: Não
A12: S-e1e2bf | B12: A-7da956 | C12: Lenta (30+ dias) | D12: Nov/24 | E12: Não | F12: 45559 | G12: 45600 | H12: 41 | I12: Basic | J12: Anual | K12: 13 | L12: 11–20 | M12: US | N12: Troca/ajuste | O12: Troca/ajuste | P12: Troca/ajuste | Q12: 9 | R12: S-d19da0 | S12: S-d19da0 | T12: Mesmo plano | U12: Mesma cobrança | V12: Mesmos seats | W12: Não
A13: S-1be7c5 | B13: A-80eeb6 | C13: Lenta (30+ dias) | D13: Nov/24 | E13: Não | F13: 45122 | G13: 45601 | H13: 479 | I13: Basic | J13: Mensal | K13: 34 | L13: 21–40 | M13: UK | N13: Troca/ajuste | O13: Redução | P13: Troca/ajuste | Q13: 13 | R13: S-8a6579 | S13: S-8a6579 | T13: Mesmo plano | U13: Mudou para anual | V13: Menos seats | W13: Não
A14: S-6f0169 | B14: A-86cdb4 | C14: Rápida (< 30 dias) | D14: Nov/24 | E14: Não | F14: 45588 | G14: 45602 | H14: 14 | I14: Pro | J14: Mensal | K14: 3 | L14: 01–05 | M14: DE | N14: Troca/ajuste | O14: Redução | P14: Troca/ajuste | Q14: 4 | R14: S-834a48 | S14: S-834a48 | T14: Plano abaixo | U14: Mesma cobrança | V14: Mais seats | W14: Não
A15: S-d449e1 | B15: A-ccabf0 | C15: Rápida (< 30 dias) | D15: Nov/24 | E15: Não | F15: 45580 | G15: 45602 | H15: 22 | I15: Basic | J15: Anual | K15: 25 | L15: 21–40 | M15: IN | N15: Redução | O15: Redução | P15: Redução | Q15: 9 | W15: Não
A16: S-c2fd82 | B16: A-84ebe4 | C16: Lenta (30+ dias) | D16: Nov/24 | E16: Não | F16: 45472 | G16: 45602 | H16: 130 | I16: Enterprise | J16: Mensal | K16: 82 | L16: 81 ou mais | M16: US | N16: Redução | O16: Redução | P16: Troca/ajuste | Q16: 8 | W16: Não
A17: S-63e282 | B17: A-6a4e2d | C17: Rápida (< 30 dias) | D17: Nov/24 | E17: Não | F17: 45580 | G17: 45603 | H17: 23 | I17: Pro | J17: Anual | K17: 14 | L17: 11–20 | M17: UK | N17: Redução | O17: Redução | P17: Redução | Q17: 8 | W17: Não
A18: S-f94b9b | B18: A-82861f | C18: Rápida (< 30 dias) | D18: Nov/24 | E18: Não | F18: 45581 | G18: 45604 | H18: 23 | I18: Pro | J18: Anual | K18: 41 | L18: 41–80 | M18: UK | N18: Redução | O18: Redução | P18: Troca/ajuste | Q18: 7 | W18: Não
A19: S-c2a14b | B19: A-526d93 | C19: Rápida (< 30 dias) | D19: Nov/24 | E19: Não | F19: 45604 | G19: 45606 | H19: 2 | I19: Enterprise | J19: Anual | K19: 43 | L19: 41–80 | M19: FR | N19: Redução | O19: Redução | P19: Redução | Q19: 8 | W19: Não
A20: S-a3ab14 | B20: A-fdfc91 | C20: Lenta (30+ dias) | D20: Nov/24 | E20: Não | F20: 45504 | G20: 45606 | H20: 102 | I20: Pro | J20: Anual | K20: 29 | L20: 21–40 | M20: US | N20: Redução | O20: Redução | P20: Redução | Q20: 9 | W20: Não
A21: S-d35d49 | B21: A-bc87bc | C21: Lenta (30+ dias) | D21: Nov/24 | E21: Não | F21: 45546 | G21: 45606 | H21: 60 | I21: Basic | J21: Anual | K21: 18 | L21: 11–20 | M21: US | N21: Troca/ajuste | O21: Troca/ajuste | P21: Troca/ajuste | Q21: 2 | R21: S-ad8055, S-c84ce4 | S21: S-ad8055 | T21: Plano acima | U21: Mudou para mensal | V21: Menos seats | W21: Não
A22: S-3ee7c3 | B22: A-cdf020 | C22: Lenta (30+ dias) | D22: Nov/24 | E22: Não | F22: 45388 | G22: 45606 | H22: 218 | I22: Enterprise | J22: Mensal | K22: 23 | L22: 21–40 | M22: AU | N22: Redução | O22: Redução | P22: Redução | Q22: 5 | W22: Sim
A23: S-0c5771 | B23: A-798a3f | C23: Lenta (30+ dias) | D23: Nov/24 | E23: Não | F23: 45346 | G23: 45606 | H23: 260 | I23: Enterprise | J23: Anual | K23: 12 | L23: 11–20 | M23: FR | N23: Redução | O23: Redução | P23: Redução | Q23: 7 | W23: Não
A24: S-0455a5 | B24: A-993085 | C24: Rápida (< 30 dias) | D24: Nov/24 | E24: Não | F24: 45587 | G24: 45606 | H24: 19 | I24: Enterprise | J24: Mensal | K24: 42 | L24: 41–80 | M24: US | N24: Redução | O24: Redução | P24: Redução | Q24: 14 | W24: Não
A25: S-4695b8 | B25: A-ad64c6 | C25: Lenta (30+ dias) | D25: Nov/24 | E25: Não | F25: 45519 | G25: 45607 | H25: 88 | I25: Pro | J25: Anual | K25: 12 | L25: 11–20 | M25: UK | N25: Redução | O25: Redução | P25: Troca/ajuste | Q25: 4 | W25: Não
A26: S-e6571c | B26: A-0be015 | C26: Rápida (< 30 dias) | D26: Nov/24 | E26: Não | F26: 45599 | G26: 45608 | H26: 9 | I26: Basic | J26: Anual | K26: 19 | L26: 11–20 | M26: US | N26: Troca/ajuste | O26: Redução | P26: Troca/ajuste | Q26: 1 | R26: S-f9a56a | S26: S-f9a56a | T26: Mesmo plano | U26: Mudou para mensal | V26: Mais seats | W26: Sim
A27: S-abddce | B27: A-7d514c | C27: Lenta (30+ dias) | D27: Nov/24 | E27: Não | F27: 45474 | G27: 45608 | H27: 134 | I27: Enterprise | J27: Mensal | K27: 43 | L27: 41–80 | M27: DE | N27: Troca/ajuste | O27: Redução | P27: Troca/ajuste | Q27: 7 | R27: S-9e6a18 | S27: S-9e6a18 | T27: Plano abaixo | U27: Mesma cobrança | V27: Menos seats | W27: Não
A28: S-499ea3 | B28: A-c16cf7 | C28: Rápida (< 30 dias) | D28: Nov/24 | E28: Não | F28: 45586 | G28: 45608 | H28: 22 | I28: Enterprise | J28: Mensal | K28: 24 | L28: 21–40 | M28: US | N28: Troca/ajuste | O28: Troca/ajuste | P28: Troca/ajuste | Q28: 4 | R28: S-30bb47 | S28: S-30bb47 | T28: Mesmo plano | U28: Mudou para anual | V28: Menos seats | W28: Sim
A29: S-59d90a | B29: A-aa9511 | C29: Lenta (30+ dias) | D29: Nov/24 | E29: Não | F29: 45532 | G29: 45609 | H29: 77 | I29: Pro | J29: Anual | K29: 29 | L29: 21–40 | M29: US | N29: Troca/ajuste | O29: Redução | P29: Troca/ajuste | Q29: 12 | R29: S-071ade | S29: S-071ade | T29: Plano abaixo | U29: Mesma cobrança | V29: Menos seats | W29: Não
A30: S-ca1cb9 | B30: A-5a215a | C30: Lenta (30+ dias) | D30: Nov/24 | E30: Não | F30: 45551 | G30: 45609 | H30: 58 | I30: Enterprise | J30: Anual | K30: 87 | L30: 81 ou mais | M30: FR | N30: Redução | O30: Redução | P30: Troca/ajuste | Q30: 13 | W30: Não
A31: S-766d8b | B31: A-82861f | C31: Lenta (30+ dias) | D31: Nov/24 | E31: Não | F31: 45439 | G31: 45611 | H31: 172 | I31: Enterprise | J31: Mensal | K31: 41 | L31: 41–80 | M31: UK | N31: Troca/ajuste | O31: Redução | P31: Troca/ajuste | Q31: 6 | R31: S-c51ab8 | S31: S-c51ab8 | T31: Mesmo plano | U31: Mudou para anual | V31: Mesmos seats | W31: Não
A32: S-d91f4c | B32: A-1b7577 | C32: Rápida (< 30 dias) | D32: Nov/24 | E32: Não | F32: 45611 | G32: 45611 | H32: 0 | I32: Basic | J32: Mensal | K32: 10 | L32: 06–10 | M32: US | N32: Troca/ajuste | O32: Troca/ajuste | P32: Troca/ajuste | Q32: 4 | R32: S-467d4a, S-06770c | S32: S-06770c | T32: Mesmo plano | U32: Mesma cobrança | V32: Mais seats | W32: Não
A33: S-f4019e | B33: A-7988d1 | C33: Lenta (30+ dias) | D33: Nov/24 | E33: Não | F33: 45563 | G33: 45612 | H33: 49 | I33: Basic | J33: Mensal | K33: 33 | L33: 21–40 | M33: US | N33: Redução | O33: Redução | P33: Redução | Q33: 7 | W33: Sim
A34: S-32e881 | B34: A-029f69 | C34: Lenta (30+ dias) | D34: Nov/24 | E34: Não | F34: 45575 | G34: 45612 | H34: 37 | I34: Pro | J34: Mensal | K34: 3 | L34: 01–05 | M34: CA | N34: Troca/ajuste | O34: Troca/ajuste | P34: Troca/ajuste | Q34: 9 | R34: S-e07b30, S-e6dee4 | S34: S-e07b30 | T34: Mesmo plano | U34: Mudou para anual | V34: Mesmos seats | W34: Sim
A35: S-3c52a6 | B35: A-2f6a32 | C35: Lenta (30+ dias) | D35: Nov/24 | E35: Não | F35: 45560 | G35: 45612 | H35: 52 | I35: Basic | J35: Anual | K35: 19 | L35: 11–20 | M35: US | N35: Troca/ajuste | O35: Troca/ajuste | P35: Troca/ajuste | Q35: 6 | R35: S-a1e688, S-f4e6c0 | S35: S-f4e6c0 | T35: Mesmo plano | U35: Mudou para mensal | V35: Mesmos seats | W35: Não
A36: S-7f8cd8 | B36: A-53f4e3 | C36: Lenta (30+ dias) | D36: Nov/24 | E36: Não | F36: 45553 | G36: 45613 | H36: 60 | I36: Enterprise | J36: Mensal | K36: 20 | L36: 11–20 | M36: UK | N36: Redução | O36: Redução | P36: Troca/ajuste | Q36: 5 | W36: Sim
A37: S-369495 | B37: A-b3fe05 | C37: Rápida (< 30 dias) | D37: Nov/24 | E37: Não | F37: 45585 | G37: 45614 | H37: 29 | I37: Pro | J37: Mensal | K37: 8 | L37: 06–10 | M37: CA | N37: Troca/ajuste | O37: Redução | P37: Troca/ajuste | Q37: 7 | R37: S-275d57 | S37: S-275d57 | T37: Plano abaixo | U37: Mesma cobrança | V37: Mais seats | W37: Não
A38: S-8e5ceb | B38: A-7f4db3 | C38: Rápida (< 30 dias) | D38: Nov/24 | E38: Não | F38: 45603 | G38: 45614 | H38: 11 | I38: Enterprise | J38: Mensal | K38: 9 | L38: 06–10 | M38: US | N38: Redução | O38: Redução | P38: Troca/ajuste | Q38: 12 | W38: Não
A39: S-d3f138 | B39: A-560d27 | C39: Rápida (< 30 dias) | D39: Nov/24 | E39: Não | F39: 45586 | G39: 45614 | H39: 28 | I39: Enterprise | J39: Mensal | K39: 23 | L39: 21–40 | M39: US | N39: Troca/ajuste | O39: Troca/ajuste | P39: Troca/ajuste | Q39: 10 | R39: S-cb54dc, S-a603dd | S39: S-cb54dc | T39: Mesmo plano | U39: Mudou para anual | V39: Mais seats | W39: Não
A40: S-befdba | B40: A-ff79f2 | C40: Rápida (< 30 dias) | D40: Nov/24 | E40: Não | F40: 45611 | G40: 45615 | H40: 4 | I40: Basic | J40: Anual | K40: 36 | L40: 21–40 | M40: US | N40: Redução | O40: Redução | P40: Redução | Q40: 6 | W40: Não
A41: S-703faf | B41: A-b7724f | C41: Lenta (30+ dias) | D41: Nov/24 | E41: Não | F41: 45555 | G41: 45615 | H41: 60 | I41: Basic | J41: Mensal | K41: 10 | L41: 06–10 | M41: UK | N41: Redução | O41: Redução | P41: Redução | Q41: 4 | W41: Não
A42: S-c7f2e5 | B42: A-34ea2f | C42: Rápida (< 30 dias) | D42: Nov/24 | E42: Não | F42: 45605 | G42: 45615 | H42: 10 | I42: Enterprise | J42: Anual | K42: 21 | L42: 21–40 | M42: US | N42: Troca/ajuste | O42: Troca/ajuste | P42: Troca/ajuste | Q42: 9 | R42: S-8c8315 | S42: S-8c8315 | T42: Plano abaixo | U42: Mesma cobrança | V42: Menos seats | W42: Não
A43: S-d6d433 | B43: A-5247b3 | C43: Lenta (30+ dias) | D43: Nov/24 | E43: Não | F43: 45457 | G43: 45615 | H43: 158 | I43: Basic | J43: Anual | K43: 16 | L43: 11–20 | M43: UK | N43: Troca/ajuste | O43: Redução | P43: Troca/ajuste | Q43: 9 | R43: S-d0429b | S43: S-d0429b | T43: Mesmo plano | U43: Mesma cobrança | V43: Mais seats | W43: Não
A44: S-b8fcc5 | B44: A-dbc825 | C44: Lenta (30+ dias) | D44: Nov/24 | E44: Não | F44: 45472 | G44: 45616 | H44: 144 | I44: Basic | J44: Anual | K44: 85 | L44: 81 ou mais | M44: FR | N44: Troca/ajuste | O44: Redução | P44: Troca/ajuste | Q44: 12 | R44: S-cd6bb6 | S44: S-cd6bb6 | T44: Mesmo plano | U44: Mesma cobrança | V44: Menos seats | W44: Não
A45: S-c8fd93 | B45: A-0354fe | C45: Rápida (< 30 dias) | D45: Nov/24 | E45: Não | F45: 45612 | G45: 45616 | H45: 4 | I45: Basic | J45: Mensal | K45: 34 | L45: 21–40 | M45: US | N45: Troca/ajuste | O45: Troca/ajuste | P45: Troca/ajuste | Q45: 3 | R45: S-ab63e3, S-bc5908 | S45: S-ab63e3 | T45: Mesmo plano | U45: Mudou para anual | V45: Mesmos seats | W45: Sim
A46: S-0f0d3a | B46: A-ad296b | C46: Rápida (< 30 dias) | D46: Nov/24 | E46: Não | F46: 45612 | G46: 45616 | H46: 4 | I46: Basic | J46: Anual | K46: 38 | L46: 21–40 | M46: AU | N46: Redução | O46: Redução | P46: Redução | Q46: 4 | W46: Não
A47: S-f2dd76 | B47: A-443b7c | C47: Rápida (< 30 dias) | D47: Nov/24 | E47: Não | F47: 45609 | G47: 45617 | H47: 8 | I47: Pro | J47: Mensal | K47: 39 | L47: 21–40 | M47: US | N47: Troca/ajuste | O47: Troca/ajuste | P47: Troca/ajuste | Q47: 12 | R47: S-f7fccd | S47: S-f7fccd | T47: Plano abaixo | U47: Mudou para anual | V47: Menos seats | W47: Não
A48: S-c4c9ce | B48: A-625d0b | C48: Rápida (< 30 dias) | D48: Nov/24 | E48: Não | F48: 45612 | G48: 45618 | H48: 6 | I48: Enterprise | J48: Mensal | K48: 10 | L48: 06–10 | M48: AU | N48: Troca/ajuste | O48: Troca/ajuste | P48: Troca/ajuste | Q48: 8 | R48: S-66ffe0, S-b156cf | S48: S-b156cf | T48: Plano abaixo | U48: Mudou para anual | V48: Menos seats | W48: Não
A49: S-97efb2 | B49: A-410e86 | C49: Rápida (< 30 dias) | D49: Nov/24 | E49: Não | F49: 45612 | G49: 45618 | H49: 6 | I49: Enterprise | J49: Anual | K49: 24 | L49: 21–40 | M49: US | N49: Troca/ajuste | O49: Saída do cliente | P49: Troca/ajuste | Q49: 0 | R49: S-fe25ff | S49: S-fe25ff | T49: Mesmo plano | U49: Mesma cobrança | V49: Mesmos seats | W49: Não
A50: S-71827b | B50: A-65c341 | C50: Rápida (< 30 dias) | D50: Nov/24 | E50: Não | F50: 45611 | G50: 45619 | H50: 8 | I50: Pro | J50: Mensal | K50: 39 | L50: 21–40 | M50: US | N50: Redução | O50: Redução | P50: Redução | Q50: 6 | W50: Sim
A51: S-975ee4 | B51: A-a09355 | C51: Rápida (< 30 dias) | D51: Nov/24 | E51: Não | F51: 45614 | G51: 45620 | H51: 6 | I51: Pro | J51: Anual | K51: 14 | L51: 11–20 | M51: US | N51: Troca/ajuste | O51: Redução | P51: Troca/ajuste | Q51: 11 | R51: S-dccf50 | S51: S-dccf50 | T51: Plano acima | U51: Mesma cobrança | V51: Mais seats | W51: Não
A52: S-4e63e7 | B52: A-a33200 | C52: Lenta (30+ dias) | D52: Nov/24 | E52: Não | F52: 45590 | G52: 45620 | H52: 30 | I52: Enterprise | J52: Anual | K52: 29 | L52: 21–40 | M52: US | N52: Troca/ajuste | O52: Troca/ajuste | P52: Troca/ajuste | Q52: 7 | R52: S-a88726, S-decbf7 | S52: S-decbf7 | T52: Mesmo plano | U52: Mesma cobrança | V52: Mesmos seats | W52: Não
A53: S-84e146 | B53: A-d82ef9 | C53: Lenta (30+ dias) | D53: Nov/24 | E53: Não | F53: 45494 | G53: 45620 | H53: 126 | I53: Basic | J53: Mensal | K53: 53 | L53: 41–80 | M53: UK | N53: Troca/ajuste | O53: Redução | P53: Troca/ajuste | Q53: 11 | R53: S-631547, S-5aff5f | S53: S-631547 | T53: Mesmo plano | U53: Mudou para anual | V53: Menos seats | W53: Não
A54: S-b51d34 | B54: A-2d1036 | C54: Lenta (30+ dias) | D54: Nov/24 | E54: Não | F54: 45578 | G54: 45620 | H54: 42 | I54: Enterprise | J54: Anual | K54: 69 | L54: 41–80 | M54: US | N54: Troca/ajuste | O54: Troca/ajuste | P54: Troca/ajuste | Q54: 10 | R54: S-b23d8d | S54: S-b23d8d | T54: Plano abaixo | U54: Mesma cobrança | V54: Mesmos seats | W54: Não
A55: S-dfbd79 | B55: A-977ca0 | C55: Rápida (< 30 dias) | D55: Nov/24 | E55: Não | F55: 45620 | G55: 45620 | H55: 0 | I55: Pro | J55: Anual | K55: 14 | L55: 11–20 | M55: IN | N55: Redução | O55: Redução | P55: Redução | Q55: 14 | W55: Não
A56: S-d32441 | B56: A-781cc0 | C56: Lenta (30+ dias) | D56: Nov/24 | E56: Não | F56: 45554 | G56: 45620 | H56: 66 | I56: Enterprise | J56: Anual | K56: 12 | L56: 11–20 | M56: US | N56: Troca/ajuste | O56: Redução | P56: Troca/ajuste | Q56: 12 | R56: S-d11408 | S56: S-d11408 | T56: Mesmo plano | U56: Mudou para mensal | V56: Mesmos seats | W56: Sim
A57: S-5856ab | B57: A-3c1a3f | C57: Lenta (30+ dias) | D57: Nov/24 | E57: Não | F57: 45418 | G57: 45621 | H57: 203 | I57: Pro | J57: Anual | K57: 19 | L57: 11–20 | M57: UK | N57: Redução | O57: Redução | P57: Redução | Q57: 10 | W57: Não
A58: S-017e33 | B58: A-f9cc74 | C58: Rápida (< 30 dias) | D58: Nov/24 | E58: Não | F58: 45604 | G58: 45621 | H58: 17 | I58: Basic | J58: Mensal | K58: 53 | L58: 41–80 | M58: FR | N58: Troca/ajuste | O58: Troca/ajuste | P58: Troca/ajuste | Q58: 4 | R58: S-6c9763, S-c76699 | S58: S-c76699 | T58: Mesmo plano | U58: Mesma cobrança | V58: Menos seats | W58: Não
A59: S-381420 | B59: A-42b791 | C59: Lenta (30+ dias) | D59: Nov/24 | E59: Não | F59: 45590 | G59: 45621 | H59: 31 | I59: Basic | J59: Mensal | K59: 27 | L59: 21–40 | M59: AU | N59: Redução | O59: Redução | P59: Redução | Q59: 4 | W59: Não
A60: S-c7621b | B60: A-ced9aa | C60: Rápida (< 30 dias) | D60: Nov/24 | E60: Não | F60: 45619 | G60: 45621 | H60: 2 | I60: Basic | J60: Anual | K60: 19 | L60: 11–20 | M60: US | N60: Troca/ajuste | O60: Troca/ajuste | P60: Troca/ajuste | Q60: 4 | R60: S-3c072b, S-b0e621 | S60: S-b0e621 | T60: Plano acima | U60: Mudou para mensal | V60: Menos seats | W60: Não
A61: S-2223bf | B61: A-5a215a | C61: Lenta (30+ dias) | D61: Nov/24 | E61: Não | F61: 45588 | G61: 45622 | H61: 34 | I61: Pro | J61: Mensal | K61: 87 | L61: 81 ou mais | M61: FR | N61: Troca/ajuste | O61: Troca/ajuste | P61: Troca/ajuste | Q61: 13 | R61: S-704cf3 | S61: S-704cf3 | T61: Plano abaixo | U61: Mesma cobrança | V61: Mesmos seats | W61: Não
A62: S-50c6f5 | B62: A-a6d261 | C62: Lenta (30+ dias) | D62: Nov/24 | E62: Não | F62: 45408 | G62: 45622 | H62: 214 | I62: Enterprise | J62: Mensal | K62: 103 | L62: 81 ou mais | M62: CA | N62: Troca/ajuste | O62: Redução | P62: Troca/ajuste | Q62: 13 | R62: S-58d2c8 | S62: S-58d2c8 | T62: Plano abaixo | U62: Mudou para anual | V62: Menos seats | W62: Não
A63: S-cd2085 | B63: A-7c83a1 | C63: Rápida (< 30 dias) | D63: Nov/24 | E63: Não | F63: 45606 | G63: 45622 | H63: 16 | I63: Basic | J63: Mensal | K63: 12 | L63: 11–20 | M63: US | N63: Troca/ajuste | O63: Troca/ajuste | P63: Troca/ajuste | Q63: 9 | R63: S-0e9f1e | S63: S-0e9f1e | T63: Mesmo plano | U63: Mesma cobrança | V63: Mesmos seats | W63: Não
A64: S-2fc028 | B64: A-3b37d9 | C64: Lenta (30+ dias) | D64: Nov/24 | E64: Não | F64: 45243 | G64: 45623 | H64: 380 | I64: Enterprise | J64: Anual | K64: 23 | L64: 21–40 | M64: US | N64: Redução | O64: Redução | P64: Troca/ajuste | Q64: 6 | W64: Não
A65: S-3d8c2f | B65: A-51ec1b | C65: Lenta (30+ dias) | D65: Nov/24 | E65: Não | F65: 45585 | G65: 45623 | H65: 38 | I65: Pro | J65: Mensal | K65: 23 | L65: 21–40 | M65: US | N65: Redução | O65: Redução | P65: Redução | Q65: 4 | W65: Não
A66: S-783131 | B66: A-51ec1b | C66: Lenta (30+ dias) | D66: Nov/24 | E66: Não | F66: 45568 | G66: 45623 | H66: 55 | I66: Enterprise | J66: Anual | K66: 7 | L66: 06–10 | M66: US | N66: Redução | O66: Redução | P66: Redução | Q66: 4 | W66: Não
A67: S-00837c | B67: A-089363 | C67: Rápida (< 30 dias) | D67: Nov/24 | E67: Não | F67: 45611 | G67: 45623 | H67: 12 | I67: Enterprise | J67: Anual | K67: 43 | L67: 41–80 | M67: AU | N67: Troca/ajuste | O67: Troca/ajuste | P67: Troca/ajuste | Q67: 12 | R67: S-1e1853 | S67: S-1e1853 | T67: Mesmo plano | U67: Mudou para mensal | V67: Menos seats | W67: Não
A68: S-396a84 | B68: A-5b4ebb | C68: Lenta (30+ dias) | D68: Nov/24 | E68: Não | F68: 45588 | G68: 45623 | H68: 35 | I68: Basic | J68: Mensal | K68: 21 | L68: 21–40 | M68: UK | N68: Troca/ajuste | O68: Redução | P68: Troca/ajuste | Q68: 10 | R68: S-02cde8 | S68: S-02cde8 | T68: Plano acima | U68: Mesma cobrança | V68: Mais seats | W68: Não
A69: S-59f0a6 | B69: A-104f1a | C69: Lenta (30+ dias) | D69: Nov/24 | E69: Não | F69: 45537 | G69: 45624 | H69: 87 | I69: Pro | J69: Mensal | K69: 123 | L69: 81 ou mais | M69: US | N69: Redução | O69: Redução | P69: Troca/ajuste | Q69: 4 | W69: Sim
A70: S-18e3a5 | B70: A-c43359 | C70: Rápida (< 30 dias) | D70: Nov/24 | E70: Não | F70: 45621 | G70: 45624 | H70: 3 | I70: Basic | J70: Anual | K70: 38 | L70: 21–40 | M70: US | N70: Troca/ajuste | O70: Troca/ajuste | P70: Troca/ajuste | Q70: 1 | R70: S-09cb75 | S70: S-09cb75 | T70: Mesmo plano | U70: Mesma cobrança | V70: Mesmos seats | W70: Sim
A71: S-d1f7ad | B71: A-c222ab | C71: Rápida (< 30 dias) | D71: Nov/24 | E71: Não | F71: 45596 | G71: 45625 | H71: 29 | I71: Basic | J71: Anual | K71: 32 | L71: 21–40 | M71: US | N71: Redução | O71: Redução | P71: Troca/ajuste | Q71: 4 | W71: Não
A72: S-8055fa | B72: A-09540c | C72: Lenta (30+ dias) | D72: Nov/24 | E72: Não | F72: 45507 | G72: 45625 | H72: 118 | I72: Basic | J72: Mensal | K72: 67 | L72: 41–80 | M72: CA | N72: Redução | O72: Redução | P72: Redução | Q72: 4 | W72: Não
A73: S-62c824 | B73: A-0e966d | C73: Rápida (< 30 dias) | D73: Nov/24 | E73: Não | F73: 45622 | G73: 45626 | H73: 4 | I73: Basic | J73: Anual | K73: 11 | L73: 11–20 | M73: IN | N73: Redução | O73: Redução | P73: Redução | Q73: 10 | W73: Não
A74: S-e561b9 | B74: A-d26ab4 | C74: Rápida (< 30 dias) | D74: Nov/24 | E74: Não | F74: 45609 | G74: 45626 | H74: 17 | I74: Pro | J74: Mensal | K74: 18 | L74: 11–20 | M74: UK | N74: Redução | O74: Redução | P74: Troca/ajuste | Q74: 5 | W74: Sim
A75: S-7b65f4 | B75: A-7f29a7 | C75: Rápida (< 30 dias) | D75: Dez/24 | E75: Não | F75: 45603 | G75: 45628 | H75: 25 | I75: Basic | J75: Mensal | K75: 41 | L75: 41–80 | M75: UK | N75: Troca/ajuste | O75: Troca/ajuste | P75: Troca/ajuste | Q75: 6 | R75: S-bdc6b7, S-9e8ce0, S-c3d6a2 | S75: S-bdc6b7 | T75: Plano acima | U75: Mesma cobrança | V75: Mesmos seats | W75: Não
A76: S-f86bcf | B76: A-592832 | C76: Rápida (< 30 dias) | D76: Dez/24 | E76: Não | F76: 45628 | G76: 45629 | H76: 1 | I76: Pro | J76: Anual | K76: 44 | L76: 41–80 | M76: US | N76: Troca/ajuste | O76: Troca/ajuste | P76: Troca/ajuste | Q76: 12 | R76: S-17cfc4, S-529f0c | S76: S-17cfc4 | T76: Mesmo plano | U76: Mudou para mensal | V76: Menos seats | W76: Não
A77: S-6ce221 | B77: A-65aeb5 | C77: Lenta (30+ dias) | D77: Dez/24 | E77: Não | F77: 45575 | G77: 45629 | H77: 54 | I77: Basic | J77: Anual | K77: 9 | L77: 06–10 | M77: US | N77: Redução | O77: Redução | P77: Redução | Q77: 9 | W77: Sim
A78: S-62641a | B78: A-4c56c9 | C78: Rápida (< 30 dias) | D78: Dez/24 | E78: Não | F78: 45625 | G78: 45629 | H78: 4 | I78: Enterprise | J78: Mensal | K78: 18 | L78: 11–20 | M78: US | N78: Redução | O78: Redução | P78: Redução | Q78: 7 | W78: Não
A79: S-7904d3 | B79: A-d4e0d4 | C79: Rápida (< 30 dias) | D79: Dez/24 | E79: Não | F79: 45626 | G79: 45629 | H79: 3 | I79: Enterprise | J79: Mensal | K79: 117 | L79: 81 ou mais | M79: US | N79: Redução | O79: Redução | P79: Troca/ajuste | Q79: 7 | W79: Não
A80: S-52699f | B80: A-df10db | C80: Lenta (30+ dias) | D80: Dez/24 | E80: Não | F80: 45163 | G80: 45629 | H80: 466 | I80: Basic | J80: Mensal | K80: 14 | L80: 11–20 | M80: US | N80: Redução | O80: Redução | P80: Redução | Q80: 10 | W80: Não
A81: S-b7deea | B81: A-65aeb5 | C81: Lenta (30+ dias) | D81: Dez/24 | E81: Não | F81: 45373 | G81: 45629 | H81: 256 | I81: Enterprise | J81: Mensal | K81: 63 | L81: 41–80 | M81: US | N81: Redução | O81: Redução | P81: Redução | Q81: 9 | W81: Sim
A82: S-8fd696 | B82: A-dec005 | C82: Rápida (< 30 dias) | D82: Dez/24 | E82: Não | F82: 45611 | G82: 45629 | H82: 18 | I82: Enterprise | J82: Anual | K82: 54 | L82: 41–80 | M82: US | N82: Redução | O82: Redução | P82: Redução | Q82: 9 | W82: Sim
A83: S-0267b7 | B83: A-65a46c | C83: Lenta (30+ dias) | D83: Dez/24 | E83: Não | F83: 45582 | G83: 45630 | H83: 48 | I83: Enterprise | J83: Mensal | K83: 13 | L83: 11–20 | M83: US | N83: Redução | O83: Redução | P83: Redução | Q83: 6 | W83: Não
A84: S-83b2ee | B84: A-7c83a1 | C84: Lenta (30+ dias) | D84: Dez/24 | E84: Não | F84: 45470 | G84: 45630 | H84: 160 | I84: Enterprise | J84: Mensal | K84: 26 | L84: 21–40 | M84: US | N84: Redução | O84: Redução | P84: Troca/ajuste | Q84: 8 | W84: Não
A85: S-aadf83 | B85: A-700ade | C85: Rápida (< 30 dias) | D85: Dez/24 | E85: Não | F85: 45616 | G85: 45630 | H85: 14 | I85: Enterprise | J85: Anual | K85: 9 | L85: 06–10 | M85: UK | N85: Redução | O85: Redução | P85: Troca/ajuste | Q85: 5 | W85: Não
A86: S-c1f160 | B86: A-ccabf0 | C86: Lenta (30+ dias) | D86: Dez/24 | E86: Não | F86: 45487 | G86: 45630 | H86: 143 | I86: Pro | J86: Anual | K86: 2 | L86: 01–05 | M86: IN | N86: Redução | O86: Redução | P86: Redução | Q86: 8 | W86: Não
A87: S-30fa6f | B87: A-e1b9cd | C87: Lenta (30+ dias) | D87: Dez/24 | E87: Não | F87: 45006 | G87: 45630 | H87: 624 | I87: Pro | J87: Mensal | K87: 40 | L87: 21–40 | M87: US | N87: Troca/ajuste | O87: Troca/ajuste | P87: Troca/ajuste | Q87: 10 | R87: S-6c1ca6 | S87: S-6c1ca6 | T87: Mesmo plano | U87: Mesma cobrança | V87: Mesmos seats | W87: Não
A88: S-41ea32 | B88: A-054577 | C88: Lenta (30+ dias) | D88: Dez/24 | E88: Não | F88: 45587 | G88: 45631 | H88: 44 | I88: Basic | J88: Mensal | K88: 24 | L88: 21–40 | M88: UK | N88: Troca/ajuste | O88: Redução | P88: Troca/ajuste | Q88: 13 | R88: S-8a37c8, S-606d6d, S-d041d2, S-62c088 | S88: S-8a37c8 | T88: Plano acima | U88: Mesma cobrança | V88: Menos seats | W88: Não
A89: S-9b2c95 | B89: A-e60f9d | C89: Rápida (< 30 dias) | D89: Dez/24 | E89: Não | F89: 45620 | G89: 45631 | H89: 11 | I89: Pro | J89: Anual | K89: 29 | L89: 21–40 | M89: US | N89: Troca/ajuste | O89: Troca/ajuste | P89: Troca/ajuste | Q89: 9 | R89: S-172953, S-3e3033, S-a8299c | S89: S-a8299c | T89: Plano acima | U89: Mudou para mensal | V89: Mesmos seats | W89: Não
A90: S-3781d0 | B90: A-5a215a | C90: Lenta (30+ dias) | D90: Dez/24 | E90: Não | F90: 45422 | G90: 45632 | H90: 210 | I90: Enterprise | J90: Anual | K90: 87 | L90: 81 ou mais | M90: FR | N90: Troca/ajuste | O90: Redução | P90: Troca/ajuste | Q90: 12 | R90: S-878fe0 | S90: S-878fe0 | T90: Plano abaixo | U90: Mesma cobrança | V90: Mesmos seats | W90: Não
A91: S-dd3b36 | B91: A-1b7577 | C91: Rápida (< 30 dias) | D91: Dez/24 | E91: Não | F91: 45622 | G91: 45632 | H91: 10 | I91: Basic | J91: Mensal | K91: 4 | L91: 01–05 | M91: US | N91: Troca/ajuste | O91: Troca/ajuste | P91: Troca/ajuste | Q91: 6 | R91: S-001561, S-5bbb53 | S91: S-5bbb53 | T91: Plano acima | U91: Mudou para anual | V91: Mesmos seats | W91: Não
A92: S-195cd5 | B92: A-ae052e | C92: Rápida (< 30 dias) | D92: Dez/24 | E92: Não | F92: 45624 | G92: 45632 | H92: 8 | I92: Pro | J92: Mensal | K92: 40 | L92: 21–40 | M92: CA | N92: Redução | O92: Redução | P92: Troca/ajuste | Q92: 3 | W92: Sim
A93: S-936732 | B93: A-2f6a32 | C93: Rápida (< 30 dias) | D93: Dez/24 | E93: Não | F93: 45624 | G93: 45632 | H93: 8 | I93: Pro | J93: Anual | K93: 19 | L93: 11–20 | M93: US | N93: Troca/ajuste | O93: Troca/ajuste | P93: Troca/ajuste | Q93: 8 | R93: S-55d53c, S-dc3e11 | S93: S-55d53c | T93: Plano abaixo | U93: Mesma cobrança | V93: Mesmos seats | W93: Não
A94: S-8a9db8 | B94: A-474ad4 | C94: Rápida (< 30 dias) | D94: Dez/24 | E94: Não | F94: 45626 | G94: 45633 | H94: 7 | I94: Enterprise | J94: Anual | K94: 8 | L94: 06–10 | M94: US | N94: Troca/ajuste | O94: Redução | P94: Troca/ajuste | Q94: 12 | R94: S-3660bb | S94: S-3660bb | T94: Mesmo plano | U94: Mudou para mensal | V94: Mais seats | W94: Não
A95: S-731ee3 | B95: A-9077b0 | C95: Rápida (< 30 dias) | D95: Dez/24 | E95: Não | F95: 45605 | G95: 45633 | H95: 28 | I95: Enterprise | J95: Anual | K95: 14 | L95: 11–20 | M95: US | N95: Troca/ajuste | O95: Troca/ajuste | P95: Troca/ajuste | Q95: 2 | R95: S-535e55, S-3af429 | S95: S-535e55 | T95: Plano abaixo | U95: Mudou para mensal | V95: Menos seats | W95: Não
A96: S-e3903e | B96: A-6da850 | C96: Lenta (30+ dias) | D96: Dez/24 | E96: Não | F96: 45581 | G96: 45634 | H96: 53 | I96: Pro | J96: Anual | K96: 31 | L96: 21–40 | M96: IN | N96: Redução | O96: Redução | P96: Redução | Q96: 13 | W96: Não
A97: S-ef2a21 | B97: A-427b69 | C97: Rápida (< 30 dias) | D97: Dez/24 | E97: Não | F97: 45624 | G97: 45635 | H97: 11 | I97: Pro | J97: Anual | K97: 36 | L97: 21–40 | M97: US | N97: Troca/ajuste | O97: Troca/ajuste | P97: Troca/ajuste | Q97: 8 | R97: S-f7b517, S-59edf9, S-599207 | S97: S-f7b517 | T97: Mesmo plano | U97: Mudou para mensal | V97: Menos seats | W97: Não
A98: S-8c767b | B98: A-b07b56 | C98: Rápida (< 30 dias) | D98: Dez/24 | E98: Não | F98: 45629 | G98: 45635 | H98: 6 | I98: Enterprise | J98: Mensal | K98: 29 | L98: 21–40 | M98: US | N98: Troca/ajuste | O98: Troca/ajuste | P98: Troca/ajuste | Q98: 9 | R98: S-b95110, S-0bb284, S-155e15, S-53b07a | S98: S-53b07a | T98: Plano abaixo | U98: Mudou para anual | V98: Menos seats | W98: Sim
A99: S-dcd084 | B99: A-d27f50 | C99: Rápida (< 30 dias) | D99: Dez/24 | E99: Não | F99: 45631 | G99: 45635 | H99: 4 | I99: Enterprise | J99: Anual | K99: 48 | L99: 41–80 | M99: UK | N99: Troca/ajuste | O99: Troca/ajuste | P99: Troca/ajuste | Q99: 8 | R99: S-a918f3, S-e2f1fd, S-26da35 | S99: S-26da35 | T99: Plano abaixo | U99: Mesma cobrança | V99: Menos seats | W99: Não
A100: S-76b176 | B100: A-6da850 | C100: Rápida (< 30 dias) | D100: Dez/24 | E100: Não | F100: 45606 | G100: 45635 | H100: 29 | I100: Pro | J100: Mensal | K100: 8 | L100: 06–10 | M100: IN | N100: Redução | O100: Redução | P100: Redução | Q100: 12 | W100: Não
...
